#,Title,Date,Author,Link
1,Should Prediction Markets be Charities?,12/12/2006,Robin Hanson,https://www.overcomingbias.com/p/should_predictihtml
2,Self-Resolving Prediction Markets for Unverifiable Outcomes,2/6/2023,S Srinivasan,https://arxiv.org/abs/2306.04305
3,Prediction Markets Explained,4/2/2024,Alts.co,https://alternativeassets.substack.com/p/prediction-markets-explained
4,Deep Dive #8 | Decentralized Prediction Markets,23/2/2024,Amo's Newsletter,https://ampbura.substack.com/p/deep-dive-8-decentralized-prediction
5,A Cognitive Strategy for AI Agents,27/2/2024,Brandon Sanders,https://www.harmonicai.com/p/a-cognitive-strategy-for-ai-agents
6,The Promise of Prediction Markets,19/3/2024,Amo's Newsletter,https://ampbura.substack.com/p/the-promise-of-prediction-markets
7,Prediction Markets: The Power of Aggregated Information,11/2/2024,Daniel Bashir,https://danielbashir.com/blog/2024/02/11/prediction-markets/
8,Futarchy,29/4/2024,Steve Hsu,https://infoproc.blogspot.com/2024/04/futarchy.html
9,HN: Prediction Markets are useful,21/3/2024,Hacker News,https://news.ycombinator.com/item?id=39767680
10,When Is a Prediction Market Useful?,25/4/2024,Reed Foley,https://reedfoley.substack.com/p/when-is-a-prediction-market-useful
11,The Mechanics of Modern Prediction Markets,27/5/2024,Jimmy Lefever,https://jimmylefever.com/mechanics-of-modern-prediction-markets/
12,The Poly market (Polymarket product review),14/5/2024,Okjip,https://okjip.mirror.xyz/Pdt0Me0IEQ4TrWlROY0t_2GYpFgDj7XqNSpNc8s0jH0
13,Accept no substitutes: Robinson on prediction markets,9/6/2024,Exponential View,https://www.exponentialview.co/p/accept-no-substitutes-robinson-on-prediction
14,Inference by betting,7/6/2024,Alex Andorra,https://www.alexandorra.com/p/inference-by-betting
15,How to Run Prediction Markets,4/3/2024,Jim Pugh,https://behavioralscientist.org/how-to-run-prediction-markets/
16,No One's Mind Ever Got Broader by Shrinking,20/6/2024,Robin Hanson,https://www.overcomingbias.com/p/no-ones-mind-ever-got-broader-by
17,A Primer on Prediction Markets,22/1/2024,Ben Zweibelson,https://benzweibelson.substack.com/p/a-primer-on-prediction-markets
18,The Promise of Prediction Markets: A Penn Wharton Paper,18/6/2024,PUPR,https://publicpolicy.wharton.upenn.edu/research/show/7068
19,The p-value is a estimate of the probability that the result is due to chance alone, but it is not calibrated. So we need a market,3/7/2024,Chris Bruce,https://probabilitymarkets.substack.com/p/summary-the-p-value-is-a-estimate
20,How to avoid being wrong,8/10/2024,Sarah Weir,https://sarahweir.medium.com/how-to-avoid-being-wrong-1d0c08ae6f45
21,Test Your Predictions,11/10/2024,Robin Hanson,https://www.overcomingbias.com/p/test-your-predictions
22,How Prediction Markets Became a $100m Business,26/9/2024,Josh Ong,https://joshong.substack.com/p/how-prediction-markets-became-a-100m
23,Redefining the Overton Window,18/10/2024,Noah Olmsted,https://noaholmsted.substack.com/p/redefining-the-overton-window
24,The Real Story of Prediction Markets,10/10/2024,Peter Coy,https://www.nytimes.com/2024/10/10/opinion/prediction-markets-trump-harris.html
25,Prediction Markets are a Mistake,9/10/2024,Bruce Schneier,https://www.schneier.com/blog/archives/2024/10/prediction-markets-are-a-mistake.html
26,Prediction markets are more overconfident than experts,10/10/2024,Daniel Kokotajlo,https://www.lesswrong.com/posts/iyYdf4tnLTStjKBGX/prediction-markets-are-more-overconfident-than-experts
27,The question of prediction market time horizons,4/11/2024,Tom Davidson,https://www.lesswrong.com/posts/gqA7CbGD3NidG5DF2/the-question-of-prediction-market-time-horizons
28,What alternative to prediction markets,6/11/2024,Robin Hanson,https://www.overcomingbias.com/p/what-alternative-to-prediction-markets
29,Predictions and Predicted Prices,9/11/2024,Robin Hanson,https://www.overcomingbias.com/p/predictions-and-predicted-prices
30,How to fix US presidential election polling? Prediction markets,24/10/2024,George Mason University,https://www.gmu.edu/news/2024-10/how-fix-us-presidential-election-polling-prediction-markets
31,knowledge ≠ power,2/11/2024,Duncan Sabien,https://duncansabien.substack.com/p/knowledge-power
32,Why Eliezer and Robin disagree about prediction markets,5/11/2024,Ben Pace,https://www.benmypace.com/p/why-eliezer-and-robin-disagree-about
33,The real reason predictions markets are winning,2/11/2024,Noah Smith,https://www.noahpinion.blog/p/the-real-reason-predictions-markets
34,What Prediction Markets Get Wrong,12/10/2024,Matt Levine,https://www.bloomberg.com/opinion/articles/2024-10-11/what-prediction-markets-get-wrong
35,Against Prediction Markets,8/10/2024,Henrik Karlsson,https://www.henrikkarlsson.xyz/p/against-prediction-markets
36,Hurricane forecasts and prediction markets,8/10/2024,Duncan,https://astralcodexten.substack.com/p/mantic-monday-10824
37,Prediction Markets are Bad for Forecasting,12/10/2024,Scott Alexander,https://www.astralcodexten.com/p/prediction-markets-are-bad-for-forecasting
38,Prediction Markets Are Awesome,13/10/2024,Scott Alexander,https://www.astralcodexten.com/p/prediction-markets-are-awesome
39,How many ACX readers bet on Polymarket?,11/10/2024,Scott Alexander,https://www.astralcodexten.com/p/how-many-acx-readers-bet-on-polymarket
40,Against the Bets,19/10/2024,Anastasia Berg,https://www.thepointmag.com/criticism/against-the-bets/
41,Game of Snap,29/10/2024,Anil K,https://anamnesis.xyz/game-of-snap/
42,CFTC proposal suggests prediction market surge could impact election integrity,17/10/2024,Philip Martin,https://www.proofofnews.xyz/p/cftc-proposal-suggests-prediction-market
43,Prediction Markets vs. the Administrative State,18/11/2024,Alex W.,https://perell.substack.com/p/prediction-markets-vs-the-administrative
44,We Built a Prediction Market,18/11/2024,Agustin Covarrubias,https://www.utalenta.com/blog/we-built-a-prediction-market
45,How to Make Better Decisions Through Prediction Markets,13/11/2024,Decision Trees,https://www.decisiontrees.io/resource/how-to-make-better-decisions-through-prediction-markets
46,How to predict the future with prediction markets,5/12/2024,Andrea Dibitonto,https://medium.com/@andreadibitonto/how-to-predict-the-future-with-prediction-markets-c0f7d9770c2b
47,Hacking prediction markets,28/11/2024,Ankush Singla,https://www.ankush.tech/p/hacking-prediction-markets.html
48,PolyMarket sees $4.5 billion cumulative volume but cedes US market,23/12/2024,Daily Coin,https://www.dailycoin.com/polymarket-sees-4-5-billion-cumulative-volume-but-cedes-us-market/
49,How Robin Hanson's Prophecy on Prediction Markets is Coming True,24/12/2024,Nicolas from Market Odds,https://marketodds.substack.com/p/how-robin-hansons-prophecy-on-prediction
50,When Are Predictions Useful?,4/1/2025,Spencer Greenberg,https://www.overcomingbias.com/p/when-are-predictions-useful
51,Prediction markets might not be for you,5/1/2025,Robin Hanson,https://www.overcomingbias.com/p/prediction-markets-might-not-be
52,Overview of Prediction Markets,10/2/2025,Michael Ma,https://michaelma.xyz/posts/overview-of-prediction-markets/
53,The Final Frontier of Crypto Is Prediction Markets,28/2/2025,Jeffrey Suchanek,https://napkin-math.com/p/the-final-frontier-of-crypto-is-prediction-markets
54,Part I Polymarket and prediction markets,21/3/2025,Mahin Bari,https://mahinbari.substack.com/p/part-i-polymarket-and-prediction
55,Advice for my team on prediction markets,14/3/2025,Maksim Stepanenko,https://www.mste Panenko.com/p/advice-for-my-team-on-prediction-markets
56,Darwin's Doubt and The 'Risk' of Intrade,30/3/2025,Sonny,https://paleolab.substack.com/p/darwins-doubt-and-the-risk-of-intrade
57,When Prediction Markets Go Wrong,23/4/2025,Kyle Scott,https://caseyhandmer.wordpress.com/2025/04/23/when-prediction-markets-go-wrong/
58,The Anti-Information Aggregation Machine,25/4/2025,Haris Ahmad,https://www.astralcodexten.com/p/the-anti-information-aggregation-machine
59,Reasons for Hope: The Rise of Prediction Markets,17/5/2025,Alex Tabarrok,https://marginalrevolution.com/marginalrevolution/2025/05/ifs-hope-prediction-markets-prediction-markets-edition.html
60,Prediction Markets Need More Than Regulation,14/5/2025,Daniel Crane,https://www.project-syndicate.org/commentary/prediction-markets-need-more-than-regulation-by-daniel-crane-2025-05
61,Blockchain Is A Better Bet,5/5/2025,Henry Mance,https://www.ft.com/content/2a816002-a6d7-426c-9805-ab4ee77be72b
62,Toward a future of prediction markets,30/5/2025,Devin,https://x.com/0xdevin_/status/1928438899068612995
63,Would a Market for Spy Satellites Predict the Ukraine War?,2/6/2025,James Surowiecki,https://www.theatlantic.com/ideas/archive/2025/06/prediction-markets-ukraine-war-satellites/683064/
64,On the Difficulty of Eliminating Intrade,4/6/2025,Sonny,https://paleolab.substack.com/p/on-the-difficulty-of-eliminating
65,All About Conditional Tokens,9/6/2025,Jimmy Lefever,https://jimmylefever.com/all-about-conditional-tokens/
66,Prediction Markets,6/6/2025,Cory Klippsten,https://www.swanbitcoin.com/prediction-markets/
67,Something Doesn't Add Up: Why Prediction Markets Are Not Like Stocks,25/6/2025,alejandrosoumah,https://alejandrosoumah.substack.com/p/something-doesnt-add-up-why-prediction
68,Prediction Markets and Real Time Forecasting of COVID-19,26/6/2025,McAndrew et al.,https://www.medrxiv.org/content/10.1101/2025.06.23.25330081v1
69,Prediction market promotes optimism,23/6/2025,Robin Hanson,https://www.overcomingbias.com/p/prediction-market-promotes-optimism
70,Production Markets,4/7/2025,Robin Hanson,https://www.overcomingbias.com/p/production-markets
71,The Prediction Market Money Wave,30/6/2025,Vitali D,https://latecheckout.substack.com/p/the-prediction-market-money-wave
72,Predictions and Prison,7/7/2025,Robin Hanson,https://www.overcomingbias.com/p/predictions-and-prison
73,Watching Despair: How a Polymarket whale lost $3.2M in a single market,14/7/2025,Timmy,https://x.com/thatdegenvc/status/1945414054740025746
74,What Metaculus Thinks About Everything,5/8/2025,Scott Alexander,https://www.astralcodexten.com/p/what-metaculus-thinks-about-everything
75,CFTC finalizes prediction market rules,9/7/2025,CFTC,https://www.cftc.gov/PressRoom/PressReleases/9026-25
76,The Dream of Prediction Markets,13/8/2025,Robin Hanson,https://www.overcomingbias.com/p/the-dream-of-prediction-markets
77,What I Learned From $2M of P没错L on Polymarket,18/8/2025,Hiro,https://x.com/hiro_sents/status/1936805620740874590
78,Prediction Markets Are Stockpiling Mispricings,28/8/2025,Devin,https://x.com/0xdevin_/status/1936367554977403096
79,Prediction Markets For Dummies,27/8/2025,Jeremy G,https://medium.com/@jeremyg2325/prediction-markets-for-dummies-9a19d89fccb4
80,Prediction Markets: A New Asset Class,23/8/2025,Julian,https://jpassy.substack.com/p/prediction-markets-a-new-asset-class
81,Crypto prediction markets can get you a fiat off-ramp,14/8/2025,Brayton Williams,https://x.com/BraytonKey/status/1946201048626581880
82,Oracle Design,4/9/2025,Polymarket,https://polymarket.com/oracle
83,Metadata Markets,16/9/2025,Robin Hanson,https://www.overcomingbias.com/p/metadata-markets
84,CFTC's Proposed Rules: A Reckoning for Prediction Markets,22/7/2025,Philip Martin,https://x.com/philipcormartin/status/1948687795826467228
85,Prediction Markets and the Information Aggregation Problem,20/9/2025,alejandrosoumah,https://alejandrosoumah.substack.com/p/prediction-markets-and-the-information
86,Prediction Market Definitions,28/9/2025,Robin Hanson,https://www.overcomingbias.com/p/prediction-market-definitions
87,Prediction market definitions again,9/10/2025,Robin Hanson,https://www.overcomingbias.com/p/prediction-market-definitions-again
88,How Polymarket solved the liquidity problem,30/9/2025,alejandrosoumah,https://alejandrosoumah.substack.com/p/how-polymarket-solved-the-liquidity
89,The Noise Floor of Prediction Markets,28/9/2025,Robin Hanson,https://www.overcomingbias.com/p/the-noise-floor-of-prediction-markets
90,Prediction Markets: Clarifying My Positions,30/9/2025,Robin Hanson,https://www.overcomingbias.com/p/prediction-markets-clarifying-my
91,Betting My Way to Sanity,13/10/2025,Ted Gioia,https://www.honest-broker.com/p/betting-my-way-to-sanity
92,The Future of Prediction Markets: An Interview with Shannon Joy,14/10/2025,Timmy,https://x.com/thatdegenvc/status/198952686165428235 |
93,CFTC's Riddle: When a Trade Becomes a Prediction Market,16/10/2025,Zeke Faux,https://www.nytimes.com/2025/10/16/technology/prediction-market-cftc-rules.html
94,Why Election polls are wrong and prediction markets are better,24/10/2025,Gregory Connor,https://gregoryconnor.substack.com/p/why-election-polls-are-wrong-and
95,The Regulatory Landscape for Prediction Markets in the US,26/10/2025,Cato Institute,https://www.cato.org/blog/regulatory-landscape-prediction-markets-us
96,Prediction Markets: Reflecting on the State of Play,28/10/2025,Cato Institute,https://www.cato.org/events/prediction-markets-reflecting-state-play
97,The Boring AMM,29/10/2025,Robin Hanson,https://www.overcomingbias.com/p/the-boring-amm
98,Adventures in Information Markets,3/11/2025,Matt Levine,https://www.bloomberg.com/opinion/articles/2025-11-03/adventures-in-information-markets
99,ConstitutionDAO Returns,3/11/2025,Jacob,https://x.com/jacobdotsol/status/1985640038538002637
100,CFTC final rule: Kalshi wins the right to list congressional control contracts,14/11/2025,Kalshi,https://kalshi.com/blog/cftc-final-rule-kalshi-wins-the-right-to-list-congressional-control-contracts
101,The Polymarket Contrarian (interview about whale trading),20/11/2025,kingdano.eth,https://x.com/kingdano/status/1993308801484517637
102,Prediction Markets Are Actually Regulated. Here's How.,1/12/2025,Robin,https://www.robinwarner.xyz/p/prediction-markets-are-regulated
103,NBA Top Shot and Prediction Markets,12/11/2025,Sean,https://x.com/therealseanlane/status/1983866771747627445
104,Prediction Markets Are Not Gambling. Let's Stop Pretending They're Not.,11/12/2025,Robin,https://www.robinwarner.xyz/p/prediction-markets-are-not-gambling
105,Risk Management Considerations for Prediction Markets,21/12/2025,Kalshi,https://kalshi.com/blog/risk-management-considerations-for-prediction-markets
106,Toward Trustless Prediction Markets,18/12/2025,Abraham Othman,https://x.com/aothman/status/1999120039156482238
107,A More General Information Aggregation Machine,19/12/2025,alejandrosoumah,https://alejandrosoumah.substack.com/p/a-more-general-information-aggregation
108,The Case for Prediction Markets in the EU,27/12/2025,Marco Crepaldi,https://liquideuropean.substack.com/p/the-case-for-prediction-markets-in
109,Portfolio Selection for Prediction Markets,31/12/2025,Jimmy Lefever,https://jimmylefever.com/portfolio-selection-for-prediction-markets/
110,Prediction Market Odds Are Not Trustworthy,16/1/2026,Avi Afhalo,https://open.substack.com/pub/afiavi/p/evaluating-prediction-market-odds
111,A Primer on Kalshi,31/12/2025,Oaktree Research,https://oaktree-research.notion.site/A-Primer-on-Kalshi-cbe9a70b996141b0982a1ee89ba28f0b
112,The Truth About Prediction Markets,17/1/2026,Noah Smith,https://www.noahpinion.blog/p/the-truth-about-prediction-markets
113,Outcome-Oriented Investing,21/1/2026,Plumeri Research,https://x.com/o_plumeri/status/2004326230397137201
114,Against Prediction Markets: A Response,8/1/2026,Abraham Othman,https://x.com/aothman/status/1999120426247389390
115,The Year Prediction Markets Became Unstoppable,29/12/2025,Matt Levine,https://www.bloomberg.com/opinion/articles/2025-12-29/the-year-prediction-markets-became-unstoppable
116,Information Markets,28/1/2026,Paranoid enough?,https://www.overcomingbias.com/p/information-markets
117,Fundamental Theorem of Prediction Markets,2/2/2026,Abraham Othman,https://x.com/aothman/status/2002941199512003018
118,Something Doesn't Add Up: My latest for the Polymarket newsletter,6/1/2026,alejandrosoumah,https://x.com/a_alej0/status/1999092998968877414
119,Polymarket International is migrating to a new blockchain. Here is what it might look like.,6/2/2026,Henry Lau,https://x.com/setofsevens/status/2072391844315758994
120,CFTC Drama is Good for Prediction Markets,12/2/2026,Noah Smith,https://www.noahpinion.blog/p/cftc-drama-is-good-for-prediction-markets
121,Prediction Markets: An Analysis,15/2/2026,Alex Prood,https://alexprood.substack.com/p/prediction-markets-an-analysis
122,How To Actually Run A Prediction Market,21/2/2026,Abraham Othman,https://x.com/aothman/status/1999122365339656693
123,Prediction Markets For Dummies (2nd Edition),20/2/2026,Unknown,https://kalshi.com/blog/b0e312db-9a9b-4a24-a042-8b5e4a8da6be
124,Leverage in Prediction Markets,22/2/2026,Jimmy Lefever,https://jimmylefever.com/leverage-in-prediction-markets/
125,Why Prediction Markets Are Better Than Polls,27/2/2026,Mike Foreman,https://foreman.substack.com/p/why-prediction-markets-are-better
126,"Why Prediction Markets Are Winning, and What That Means for Democracy",1/3/2026,Jonathan Rauch,https://www.thebulwark.com/p/why-prediction-markets-are-winning
127,Kelly Betting on Prediction Markets,2/3/2026,Jimmy Lefever,https://jimmylefever.com/kelly-betting-on-prediction-markets/
128,The Prediction Market Wars,9/3/2026,Matt Levine,https://www.bloomberg.com/opinion/articles/2026-03-09/the-prediction-market-wars
129,Prediction Markets and Politics,19/3/2026,Matt Yglesias,https://www.slowboring.com/p/prediction-markets-and-politics
130,Is Intrade 2.0 about to launch?,10/3/2026,Sonny,https://paleolab.substack.com/p/is-intrade-20-about-to-launch
131,"The Rise of Retail Prediction Markets: Should We Be Worried?",10/3/2026,Safia Ahmad,https://themarkup.org/graymatter/2026/03/10/the-rise-of-retail-prediction-markets-should-we-be-worried
132,Prediction Markets And The Public Good,18/3/2026,Chris Dixon,https://cdixon.substack.com/p/prediction-markets-and-the-public
133,The Mind is a Prediction Market,17/3/2026,Robin Hanson,https://www.overcomingbias.com/p/the-mind-is-a-prediction-market
134,The Dynamics of Information Aggregation in Prediction Markets,24/3/2026,Luo & Gizatulina,https://papers.ssrn.com/sol3/papers.cfm?abstract_id=5114381
135,Trade-offs in prediction market design,27/3/2026,Oaktree Research,https://oaktree-research.notion.site/Trade-offs-in-prediction-market-design-17bca7e3b452806d990af5edaefc2e78
136,Forecasting the Future: Prediction Markets,27/3/2026,Charles T. Carlstrom,https://www.clevelandfed.org/publications/economic-commentary/2026/ec-202603
137,Polymarket To Migrate to New Blockchain This Year,24/3/2026,Philip Martin,https://x.com/philipcormartin/status/2003136300685873360
138,The Soros of Prediction Markets,30/3/2026,Tyler Cowen,https://marginalrevolution.com/marginalrevolution/2026/03/the-soros-of-prediction-markets.html
139,The Epistemology of Prediction Markets,30/3/2026,Blake Eastman,https://www.blakeeastman.com/p/the-epistemology-of-prediction-markets
140,Prediction Markets and the Law,31/3/2026,verdict,https://verdict.justia.com/2026/03/31/prediction-markets-and-the-law
141,Why no one talks about the evils of prediction markets,3/4/2026,Evan Prodromou,https://medium.com/@evanprodromou/why-no-one-talks-about-the-evils-of-prediction-markets-9bd9db1721b9
142,Polymarket Bets on Arbitrum for CFTC-Compliant Future,7/4/2026,Philip Martin,https://x.com/philipcormartin/status/2003137366538187047
143,Darwin's Doubt Revisited — Intrade 2.0 Launching,7/4/2026,Intrade,https://intrade.com/
144,"How Prediction Markets Could Change the Future of Betting, Forecasting, and Finance",7/4/2026,Jeffrey Suchanek,https://napkin-math.com/p/how-prediction-markets-could-change
145,No market is an island — how correlated events create hidden edges,9/4/2026,alejandrosoumah,https://alejandrosoumah.substack.com/p/no-market-is-an-island-how-correlated
146,SEC Charges DeepFuckingValue for GameStop Options Fraud,9/4/2026,SEC,https://www.sec.gov/newsroom/press-releases/2026-68
147,Polymarket Moves to Arbitrum: Technical Integration Guide and Migration Timeline,10/4/2026,(Polymarket Engineering),https://polymarket.com/blog/arbitrum-migration-guide
148,Meta's Bet: Prediction Markets as the New Social Utility,11/4/2026,Enrique Dans,https://enriquedans.com/2026/04/metas-bet-prediction-markets-as-the-new-social-utility.html
149,A Primer on the Polymarket CLOB design,14/4/2026,Jimmy Lefever,https://jimmylefever.com/a-primer-on-the-polymarket-clob-design/
150,The Rise of Prediction Markets: A Closer Look at Their Economic and Social Implications,18/4/2026,Said Business School,https://www.sbs.ox.ac.uk/research/rise-prediction-markets-closer-look-their-economic-and-social-implications
151,Political Prediction Markets Come to Meta,16/4/2026,Max Read,https://www.maxread.com/p/political-prediction-markets-come-to
152,Prediction Markets: A New Asset Class,18/4/2026,Oaktree Research,https://oaktree-research.notion.site/Prediction-Markets-A-New-Asset-Class-1d2ca7e3b452808ebff2f3248ee3e136
153,Building a Prediction Market on Solana,18/4/2026,Michael,https://x.com/0xCygaar/status/2017334747373388004
154,Prediction markets in the age of AI,24/4/2026,Maxim Raginsky,https://maxim-raginsky.github.io/prediction-markets-in-the-age-of-ai/
155,Decision Markets,28/4/2026,Abraham Othman,https://x.com/aothman/status/1999120692684808514
156,Against Prediction Markets, Once More,2/5/2026,Erik Hoel,https://www.theintrinsicperspective.com/p/against-prediction-markets-once-more
157,On Public Prediction Markets and Public Policy,5/5/2026,LegalInsurrection,https://legalinsurrection.com/2026/05/on-public-prediction-markets-and-public-policy/
158,Could the CFTC's new rules for election betting upend the 2026 midterms?,5/5/2026,David Yoder,https://reason.com/2026/05/05/could-the-cftcs-new-rules-for-election-betting-upend-the-2026-midterms/
159,The Case for Prediction Markets,13/5/2026,Alex Tabarrok,https://marginalrevolution.com/marginalrevolution/2026/05/the-case-for-prediction-markets.html
160,What you need to know about Polymarket's migration to Arbitrum,22/5/2026,Jimmy Lefever,https://jimmylefever.com/what-you-need-to-know-about-polymarkets-migration-to-arbitrum/
161,Bonding Trades and the Yield Curve of Prediction Markets,22/5/2026,Bruce,https://probabilitymarkets.substack.com/p/bonding-trades-and-the-yield-curve
162,The Polymarket User's Guide to Arbitrum Migration,11/5/2026,Polymarket,https://polymarket.com/blog/arbitrum-migration-user-guide
163,Prediction Markets and the Law,14/5/2026,Matt Levine,https://www.bloomberg.com/opinion/articles/2026-05-14/prediction-markets-and-the-law
164,Actually Against Prediction Markets,21/5/2026,Branko,https://brankomilanovic.substack.com/p/actually-against-prediction-markets
165,The Man Who Won the Bet,21/5/2026,Alejandro Soumah,https://alejandrosoumah.substack.com/p/the-man-who-won-the-bet
166,Prediction Markets 2.0,22/5/2026,Arthur,https://x.com/arthur Hayes/status/2061179093676126693
167,Friends Don't Let Friends Market Make,4/6/2026,Mickey Hardy,https://x.com/mickeyhardy/status/2068433583201788401
168,Self-Resolving Prediction Markets on Ethereum,25/5/2026,S. Srinivasan,https://x.com/SSrnvsn/status/2070191273697792148
169,Polymarket is migrating to its own chain,24/5/2026,Michael,https://x.com/michaellwy/status/2061766100872802726
170,Upside: The Polymarket Cliff,25/5/2026,Michele,https://www.upside.art/p/upside-the-polymarket-cliff
171,prediction markets and alignment,26/5/2026,Faker,https://www.lesswrong.com/posts/4ccdNmcmN7bgpPmDW/prediction-markets-and-alignment
172,Robin Hanson on Prediction Markets (podcast),26/5/2026,Robin Hanson,https://open.spotify.com/episode/3P0QkJSV60GiROlPS9HqJB
173,Prediction Markets: The Ultimate Bull Case,29/5/2026,Gregory Connor,https://gregoryconnor.substack.com/p/prediction-markets-the-ultimate-bull
174,The Oracle Problem and the UMA vs. Chainlink Debate,29/5/2026,Andy,https://x.com/andytudhope/status/2062691551564693732
175,Auditing Prediction Markets,31/5/2026,Robin Hanson,https://www.overcomingbias.com/p/auditing-prediction-markets
176,The High-Stakes World of Election Betting,2/6/2026,Charles Duhigg,https://www.newyorker.com/magazine/2026/06/08/the-high-stakes-world-of-election-betting
177,The wisdom of (potential) crowds,3/6/2026,Robin Hanson,https://www.overcomingbias.com/p/the-wisdom-of-potential-crowds
178,Against the Wannabe Elite,3/6/2026,Anastasia Berg,https://www.thepointmag.com/criticism/against-the-wannabe-elite/
179,The Regulation of Prediction Markets,4/6/2026,Maxim Raginsky,https://maxim-raginsky.github.io/the-regulation-of-prediction-markets/
180,The CFTC and Prediction Markets: What's Next?,7/6/2026,Cato Institute,https://www.cato.org/events/cftc-prediction-markets-whats-next
181,Intrade 2.0 Launched,7/6/2026,Intrade,https://intrade.com/
182,Au revoir Meta prediction markets,8/6/2026,Enrique Dans,https://enriquedans.com/2026/06/au-revoir-meta-prediction-markets.html
183,Kristina Johnson: Prediction markets solve the information problem,11/6/2026,Shaan Puri,https://www.youtube.com/watch?v=SXSGGUeMvU4
184,The Fragility of Prediction Markets,11/6/2026,Robin Hanson,https://www.overcomingbias.com/p/the-fragility-of-prediction-markets
185,Why Is The Polymarket Chart So Weird?,12/6/2026,Devin,https://x.com/0xdevin_/status/2070216937767936343
186,The Future of Prediction Markets,13/6/2026,RadicalxChange(s),https://www.radicalxchange.org/media/blog/the-future-of-prediction-markets/
187,King of the World,13/6/2026,Jacob Silverman,https://www.thebaffler.com/salvos/king-of-the-world-silverman
188,Polymarket on Arbitrum: What $5 Billion in Volume Looks Like,14/6/2026,Polymarket,https://polymarket.com/blog/arbitrum-volume-milestone
189,Prediction Markets: Gaming the System or Forecasting the Future?,14/6/2026,Danny Crichton,https://dannycrichton.substack.com/p/prediction-markets-gaming-the-system
190,Understanding Polymarket's Migration to Arbitrum,17/6/2026,Chainlink,https://blog.chain.link/polymarket-migration-arbitrum/
191,Foundations of Intrade 2.0,17/6/2026,Intrade,https://intrade.com/
192,Polymarket: Moving toward CFTC compliance,16/6/2026,Michael,https://x.com/michaellwy/status/2071031701743943953
193,Prediction Markets and the Growth of Democracy,18/6/2026,Shaun O'Dwyer,https://medium.com/@shaun.o.dwyer/prediction-markets-and-the-growth-of-democracy-c73d75d3d35b
194,Prediction Markets Under the New CFTC Regime,18/6/2026,Clifford Chance,https://www.cliffordchance.com/content/cliffordchance/en/insights/2026/06/prediction-markets-under-the-new-cftc-regime.html
195,Polymarket Launches on Arbitrum Mainnet,18/6/2026,Philip Martin,https://x.com/philipcormartin/status/2066973775367807215
196,The Polymarket Book: 2025,19/6/2026,Michael Ma,https://michaelma.xyz/posts/the-polymarket-book-2025/
197,Polymarket is taking over the world,18/6/2026,Chris Dixon,https://x.com/cdixon/status/2067235071332008324
198,The CLOB, 19/6/2026,Jimmy Lefever,https://jimmylefever.com/the-clob/
199,Leverage in Prediction Markets,19/6/2026,Matteo,https://matteo.is/journal/leverage-in-prediction-markets/
200,"Polymarket's Arbitrum Migration: Everything You Need to Know",19/6/2026,Unchained,https://unchainedcrypto.com/polymarket-arbitrum-migration-guide/
201,Challenges with On-chain Polymarket,20/6/2026,Michael,https://x.com/michaellwy/status/2067303641421488232
202,Polymarket LPs say: Fire us!,19/6/2026,Michael,https://x.com/michaellwy/status/2065474626321207515
203,On Prediction Markets and Democracy,20/6/2026,Patrick Carroll,https://thirdwill.substack.com/p/on-prediction-markets-and-democracy
204,Why Polymarket built on Arbitrum,20/6/2026,Polymarket,https://polymarket.com/blog/why-arbitrum
205,PolyMarket in 2026,20/6/2026,James Todaro,https://x.com/JamesTodaroMD/status/2065999277286850829
206,Prediction markets come of age: The issues with market manipulation,21/6/2026,Capital Research Center,https://capitalresearch.org/article/prediction-markets-come-of-age-the-issues-with-market-manipulation/
207,Polymarket's Resolution to Arbitrum is Complete,22/6/2026,Philip Martin,https://x.com/philipcormartin/status/2066997697900011775
208,Prediction Markets Are Being Sabotaged,22/6/2026,Mark Marek,https://x.com/marek_mark_m/status/2067716745051836578
209,The Case for Prediction Markets (Cato Institute),22/6/2026,Alex Tabarrok,https://www.cato.org/blog/case-prediction-markets
210,"Are Prediction Markets Just Gambling? The CFTC Has a New Answer",22/6/2026,Alexander Osipovich,https://www.wsj.com/finance/regulation/prediction-markets-cftc-final-rule-5d34758b
211,Too Big To Fail? Prediction Markets as Catastrophic Risk Hedges,23/6/2026,alejandrosoumah,https://alejandrosoumah.substack.com/p/too-big-to-fail-prediction-markets
212,Polymarket: The path to becoming the world's largest market,23/6/2026,Michael,https://x.com/michaellwy/status/2068106150825443791
213,5 Ways Prediction Markets Can Better Serve Humanity,23/6/2026,Robin Hanson,https://www.overcomingbias.com/p/5-ways-prediction-markets-can-better
214,Polymarket's Technology Explained,24/6/2026,IntotheBlock,https://intotheblock.com/polymarket-technology-explained/
215,"Prediction Markets: The Good, the Bad, and the Ugly",24/6/2026,Adam Back,https://x.com/adamback/status/2068457503708361144
216,Polymarket Liquidity Providers,24/6/2026,Michael,https://x.com/michaellwy/status/2066661442819653806
217,The Tax Man Cometh for Polymarket Traders,25/6/2026,Erin Arvedlund,https://www.barrons.com/articles/polymarket-taxes-crypto-prediction-markets-1a190a30
218,The polymarket migration to Arbitrum is top of mind,25/6/2026,Michael,https://x.com/michaellwy/status/2068106762323685841
219,Hyperliquid Launches Prediction Markets,25/6/2026,Hyperliquid,https://x.com/hyperliquid/status/2068369905990627751
220,The Information, Prediction Market Edition,25/6/2026,Robin Hanson,https://www.overcomingbias.com/p/the-information-prediction-market
221,Why Prediction Markets Are Different from Gambling,25/6/2026,Monica de Bolle,https://www.project-syndicate.org/commentary/why-prediction-markets-are-different-from-gambling-by-monica-de-bolle-2026-06
222,From Robinhood to Polymarket: The Democratization of Finance,25/6/2026,Robinhood,https://x.com/robinhoodapp/status/2068353087045861695
223,Prediction markets are not going away. Here's how to be a responsible consumer,26/6/2026,Anu Madgavkar,https://www.mckinsey.com/mgi/forward-looking/perspectives/prediction-markets-responsible-consumer
224,DeFi Prediction Markets in 2026,26/6/2026,Michael Nadeau,https://www.thedefimint.com/p/defi-prediction-markets-in-2026
225,Polymarket is the new Bloomberg Terminal,26/6/2026,Michael,https://x.com/michaellwy/status/2068478468636078150
226,The Downside of Polymarket,26/6/2026,Michael,https://x.com/michaellwy/status/2068824306936013128
227,Hedging in Prediction Markets,27/6/2026,Jimmy Lefever,https://jimmylefever.com/hedging-in-prediction-markets/
228,From Polymarket to Prediction Markets: The Evolution of Crypto Betting,27/6/2026,IntotheBlock,https://intotheblock.com/prediction-markets-evolution/
229,The CFTC vs Prediction Markets: Another Update,28/6/2026,Clifford Chance,https://www.cliffordchance.com/content/cliffordchance/en/insights/2026/06/the-cftc-vs-prediction-markets-another-update.html
230,Prediction Markets and AI: A Symbiotic Future,1/7/2026,Maxim Raginsky,https://maxim-raginsky.github.io/prediction-markets-and-ai/
231,CFTC Proposes Rules for Prediction Markets,22/6/2026,Day One Law,https://x.com/dayonelaw/status/2069160830332186887
232,Prediction Markets Are a Civilizational Upgrade,22/6/2026,Mickey Hardy,https://x.com/mickeyhardy/status/2069124130213892248
233,"Why Prediction Markets' Election Picks Are Useful, Even When They Seem Wrong",23/6/2026,"Jeremy B. Merrill, Leslie Shapiro, Mariana Alfaro",https://www.washingtonpost.com/politics/2026/06/23/why-prediction-markets-election-picks-are-useful-even-when-they-seem-wrong/
234,The Metaculus Democracy Threat Index,25/6/2026,Scott Alexander,https://www.astralcodexten.com/p/the-metaculus-threat-to-democracy
234,Two Concepts of Markets,21/6/2026,Larissa de Lima,https://liquidcontext.substack.com/p/two-concepts-of-markets
235,The Explosive Growth of Prediction Markets Is a Symptom of a Deeply Sick Economy,8/6/2026,Hadas Thier,https://inthesetimes.com/article/prediction-markets-kalshi-polymarket-inflation-silicon-valley-capitalism
236,How MMs are Mispricing Prediction Markets,26/6/2026,Devin,https://x.com/0xdevin_/status/2070615368562057262
237,I Figured Out How to Rig Rotten Tomatoes Prediction Markets,12/6/2026,Matt Stieb,https://nymag.com/intelligencer/article/rotten-tomatoes-prediction-markets-polymarket-kalshi.html
238,
239,Meta and prediction markets: what could possibly go wrong?,28/6/2026,Enrique Dans,https://medium.com/enrique-dans/meta-and-prediction-markets-what-could-possibly-go-wrong-d24a7ea22740
240,How Polymarket Traders Revolted Over One Silly Syllable,28/6/2026,Helen Lewis,https://www.nytimes.com/2026/06/28/business/donk-polymarket-prediction-markets.html
241,Value Is Not at Settlement,20/5/2026,Alejandro Soumah,https://alejandrosoumah.substack.com/p/value-is-not-at-settlement
242,Prediction Market Betting Profiles: The New Resume,30/6/2026,tommy,https://x.com/thatdegenvc/status/2072003432094003222
243,Polymarket's Blockchain Migration: Compliance, Migration Paths, and the Future of On-Chain Markets,1/7/2026,Henry Lau,https://x.com/setofsevens/status/2072391844315758994
244,Prediction Market Retention Playbook: 8 Mechanics from Casinos, Games, and Memecoins,3/7/2026,good,https://x.com/thenarrator/status/2072868836672700458
245,Settlement Manipulation in Prediction Markets,1/1/2026,David Dai; Ruizhe Jia; Shihao Yu,https://papers.ssrn.com/sol3/papers.cfm?abstract_id=7028398
246,Prediction Markets: Does Money Matter?,1/9/2004,Emile Servan-Schreiber; Justin Wolfers; David M. Pennock; Brian Galebach,http://users.nber.org/~jwolfers/Papers/DoesMoneyMatter.pdf
247,Wildfire Derivatives,7/7/2026,Ivan (@allquantor),https://x.com/ZEITFinance/status/2074426046095483052
248,From Prediction Markets to Decision Markets and Beyond!,7/7/2026,Alex Tabarrok,https://marginalrevolution.com/marginalrevolution/2026/07/from-prediction-markets-to-decision-markets-and-beyond.html
249,Crypto on the Clock,6/7/2026,Ally Zach; Danning Sui,https://panteraresearchlab.xyz/research/crypto-on-the-clock/
250,Institutional Adoption of Event Contracts Through Structured Products,9/7/2026,Lauris,https://x.com/lzminsky/status/2075235328995033576
251,Volatility in Prediction Markets: A Structural Approach,9/7/2026,"Weiye Xi, Ciamac C. Moallemi, Mallesh Pai, Shouqiao Want",https://arxiv.org/abs/2607.08199
254|252,A Hedge Is Not a Product,13/7/2026,Lauris,https://x.com/lzminsky/status/2076780601743487460
255,Can AI Fix Bad Rules?,16/7/2026,"Andy Hall, Elliot",https://freesystems.substack.com/p/superintelligent-governance-and-the
256,Are Prediction Markets Doomed to Fail?,16/7/2026,Contrary Research,https://contraryresearch.substack.com/p/are-prediction-markets-doomed-to
255,What Happens to the Other Side of the Trade?,17/7/2026,Aaron,https://resolutionpending.substack.com/p/what-happens-to-the-other-side-of
256,Log-Time Prediction Markets for Interval Securities,15/2/2021,"Miroslav Dudík, Xintong Wang, David M. Pennock, David M. Rothschild",https://arxiv.org/abs/2102.07308
257,It's Sometimes Sunny in Philadelphia,20/7/2026,Bolton,https://thequantummilkman.substack.com/p/its-sometimes-sunny-in-philadelphia
258,"Mantic Monday: The Monkey's Paw Curls",13/1/2026,Scott Alexander,https://www.astralcodexten.com/p/mantic-monday-the-monkeys-paw-curls
259,What we know about the typical Polymarket user,22/7/2026,Kaitlyn Radde,https://www.pewresearch.org/short-reads/2026/07/22/what-we-know-about-the-typical-polymarket-user/
260,Cryptocurrency Prediction Markets through the Derivatives Lens: Evidence from Kalshi and Polymarket,1/1/2026,Seungju Lee; Yebon Lee; Jaewook Lee,https://papers.ssrn.com/sol3/papers.cfm?abstract_id=6748186
261,"Complex Core, Simple Surface: Dynamic O/Us, Ranges, and Duels on One Market",3/8/2026,Igor,https://x.com/justigor/status/2084102977694978442
262,Comparative Analysis of Payout Mechanisms in Trepa: From Median Cutoff to Hybrid Consolation Floor,27/7/2026,Ilich Blanco,https://dev.andromedacomputer.net/Payout_Mechanisms_in_Trepa.pdf
263,The Execution Layer Prediction Markets Need,13/4/2026,Lotus,https://x.com/uselotusxyz/status/2043739264068837578
